INSERT OR IGNORE INTO Kunde (kundenummer, navn, telefonnummer, epostadresse, nasjonalitet) VALUES
(999, 'Margunn', '+46 420 69 666', 'margunn69@dabomb.com', 'Sverige');

INSERT OR IGNORE INTO Billettkjop (referansenummer, kundenummer, samletPris) VALUES
(1,999, 2018),
(2,999, 2018),
(3,999, 2018),
(4,999, 2018),
(5,999, 2018),
(6,999, 2018),
(7,999, 2018),
(8,999, 2018),
(9,999, 2018),
(10,999, 599);

INSERT OR IGNORE INTO Reise (referansenummer, reiseID, reisetype) VALUES
(1, 6660, 'one-way'),
(2, 6661, 'one-way'),
(3, 6662, 'one-way'),
(4, 6663, 'one-way'),
(5, 6664, 'one-way'),
(6, 6665, 'one-way'),
(7, 6666, 'one-way'),
(8, 6667, 'one-way'),
(9, 6668, 'one-way'),
(10, 6669, 'one-way');

INSERT OR IGNORE INTO Delreise (reiseID, delreiseID, loepenummer, billettkategoriType, sete) VALUES 
(6660, 420, 1110, 'premium', '1C'),
(6661, 421, 1110, 'premium', '1D'),
(6662, 422, 1110, 'premium', '2A'),
(6663, 423, 1110, 'premium', '2B'),
(6664, 424, 1110, 'premium', '2C'),
(6665, 425, 1110, 'premium', '2D'),
(6666, 426, 1110, 'premium', '3A'),
(6667, 427, 1110, 'premium', '3B'),
(6668, 428, 1110, 'premium', '3C'),
(6669, 429, 1110, 'budsjett', '9D');

INSERT OR REPLACE INTO Sete (loepenummer, setenummer, erLedig) VALUES

-- Boeing 737 800
(1111, '1A', 1),
(1111, '1B', 1),
(1111, '1C', 1),
(1111, '1D', 1),
(1111, '1E', 1),
(1111, '1F', 1),
(1111, '2A', 1),
(1111, '2B', 1),
(1111, '2C', 1),
(1111, '2D', 1),
(1111, '2E', 1),
(1111, '2F', 1),
(1111, '3A', 1),
(1111, '3B', 1),
(1111, '3C', 1),
(1111, '3D', 1),
(1111, '3E', 1),
(1111, '3F', 1),
(1111, '4A', 1),
(1111, '4B', 1),
(1111, '4C', 1),
(1111, '4D', 1),
(1111, '4E', 1),
(1111, '4F', 1),
(1111, '5A', 1),
(1111, '5B', 1),
(1111, '5C', 1),
(1111, '5D', 1),
(1111, '5E', 1),
(1111, '5F', 1),
(1111, '6A', 1),
(1111, '6B', 1),
(1111, '6C', 1),
(1111, '6D', 1),
(1111, '6E', 1),
(1111, '6F', 1),
(1111, '7A', 1),
(1111, '7B', 1),
(1111, '7C', 1),
(1111, '7D', 1),
(1111, '7E', 1),
(1111, '7F', 1),
(1111, '8A', 1),
(1111, '8B', 1),
(1111, '8C', 1),
(1111, '8D', 1),
(1111, '8E', 1),
(1111, '8F', 1),
(1111, '9A', 1),
(1111, '9B', 1),
(1111, '9C', 1),
(1111, '9D', 1),
(1111, '9E', 1),
(1111, '9F', 1),
(1111, '10A', 1),
(1111, '10B', 1),
(1111, '10C', 1),
(1111, '10D', 1),
(1111, '10E', 1),
(1111, '10F', 1),
(1111, '11A', 1),
(1111, '11B', 1),
(1111, '11C', 1),
(1111, '11D', 1),
(1111, '11E', 1),
(1111, '11F', 1),
(1111, '12A', 1),
(1111, '12B', 1),
(1111, '12C', 1),
(1111, '12D', 1),
(1111, '12E', 1),
(1111, '12F', 1),
(1111, '13A', 1),
(1111, '13B', 1),
(1111, '13C', 1),
(1111, '13D', 1),
(1111, '13E', 1),
(1111, '13F', 1),
(1111, '14A', 1),
(1111, '14B', 1),
(1111, '14C', 1),
(1111, '14D', 1),
(1111, '14E', 1),
(1111, '14F', 1),
(1111, '15A', 1),
(1111, '15B', 1),
(1111, '15C', 1),
(1111, '15D', 1),
(1111, '15E', 1),
(1111, '15F', 1),
(1111, '16A', 1),
(1111, '16B', 1),
(1111, '16C', 1),
(1111, '16D', 1),
(1111, '16E', 1),
(1111, '16F', 1),
(1111, '17A', 1),
(1111, '17B', 1),
(1111, '17C', 1),
(1111, '17D', 1),
(1111, '17E', 1),
(1111, '17F', 1),
(1111, '18A', 1),
(1111, '18B', 1),
(1111, '18C', 1),
(1111, '18D', 1),
(1111, '18E', 1),
(1111, '18F', 1),
(1111, '19A', 1),
(1111, '19B', 1),
(1111, '19C', 1),
(1111, '19D', 1),
(1111, '19E', 1),
(1111, '19F', 1),
(1111, '20A', 1),
(1111, '20B', 1),
(1111, '20C', 1),
(1111, '20D', 1),
(1111, '20E', 1),
(1111, '20F', 1),
(1111, '21A', 1),
(1111, '21B', 1),
(1111, '21C', 1),
(1111, '21D', 1),
(1111, '21E', 1),
(1111, '21F', 1),
(1111, '22A', 1),
(1111, '22B', 1),
(1111, '22C', 1),
(1111, '22D', 1),
(1111, '22E', 1),
(1111, '22F', 1),
(1111, '23A', 1),
(1111, '23B', 1),
(1111, '23C', 1),
(1111, '23D', 1),
(1111, '23E', 1),
(1111, '23F', 1),
(1111, '24A', 1),
(1111, '24B', 1),
(1111, '24C', 1),
(1111, '24D', 1),
(1111, '24E', 1),
(1111, '24F', 1),
(1111, '25A', 1),
(1111, '25B', 1),
(1111, '25C', 1),
(1111, '25D', 1),
(1111, '25E', 1),
(1111, '25F', 1),
(1111, '26A', 1),
(1111, '26B', 1),
(1111, '26C', 1),
(1111, '26D', 1),
(1111, '26E', 1),
(1111, '26F', 1),
(1111, '27A', 1),
(1111, '27B', 1),
(1111, '27C', 1),
(1111, '27D', 1),
(1111, '27E', 1),
(1111, '27F', 1),
(1111, '28A', 1),
(1111, '28B', 1),
(1111, '28C', 1),
(1111, '28D', 1),
(1111, '28E', 1),
(1111, '28F', 1),
(1111, '29A', 1),
(1111, '29B', 1),
(1111, '29C', 1),
(1111, '29D', 1),
(1111, '29E', 1),
(1111, '29F', 1),
(1111, '30A', 1),
(1111, '30B', 1),
(1111, '30C', 1),
(1111, '30D', 1),
(1111, '30E', 1),
(1111, '30F', 1),
(1111, '31A', 1),
(1111, '31B', 1),
(1111, '31C', 1),
(1111, '31D', 1),
(1111, '31E', 1),
(1111, '31F', 1),

-- Airbus a320neo
(1112, '1A', 1),
(1112, '1B', 1),
(1112, '1C', 1),
(1112, '1D', 1),
(1112, '1E', 1),
(1112, '1F', 1),
(1112, '2A', 1),
(1112, '2B', 1),
(1112, '2C', 1),
(1112, '2D', 1),
(1112, '2E', 1),
(1112, '2F', 1),
(1112, '3A', 1),
(1112, '3B', 1),
(1112, '3C', 1),
(1112, '3D', 1),
(1112, '3E', 1),
(1112, '3F', 1),
(1112, '4A', 1),
(1112, '4B', 1),
(1112, '4C', 1),
(1112, '4D', 1),
(1112, '4E', 1),
(1112, '4F', 1),
(1112, '5A', 1),
(1112, '5B', 1),
(1112, '5C', 1),
(1112, '5D', 1),
(1112, '5E', 1),
(1112, '5F', 1),
(1112, '6A', 1),
(1112, '6B', 1),
(1112, '6C', 1),
(1112, '6D', 1),
(1112, '6E', 1),
(1112, '6F', 1),
(1112, '7A', 1),
(1112, '7B', 1),
(1112, '7C', 1),
(1112, '7D', 1),
(1112, '7E', 1),
(1112, '7F', 1),
(1112, '8A', 1),
(1112, '8B', 1),
(1112, '8C', 1),
(1112, '8D', 1),
(1112, '8E', 1),
(1112, '8F', 1),
(1112, '9A', 1),
(1112, '9B', 1),
(1112, '9C', 1),
(1112, '9D', 1),
(1112, '9E', 1),
(1112, '9F', 1),
(1112, '10A', 1),
(1112, '10B', 1),
(1112, '10C', 1),
(1112, '10D', 1),
(1112, '10E', 1),
(1112, '10F', 1),
(1112, '11A', 1),
(1112, '11B', 1),
(1112, '11C', 1),
(1112, '11D', 1),
(1112, '11E', 1),
(1112, '11F', 1),
(1112, '12A', 1),
(1112, '12B', 1),
(1112, '12C', 1),
(1112, '12D', 1),
(1112, '12E', 1),
(1112, '12F', 1),
(1112, '13A', 1),
(1112, '13B', 1),
(1112, '13C', 1),
(1112, '13D', 1),
(1112, '13E', 1),
(1112, '13F', 1),
(1112, '14A', 1),
(1112, '14B', 1),
(1112, '14C', 1),
(1112, '14D', 1),
(1112, '14E', 1),
(1112, '14F', 1),
(1112, '15A', 1),
(1112, '15B', 1),
(1112, '15C', 1),
(1112, '15D', 1),
(1112, '15E', 1),
(1112, '15F', 1),
(1112, '16A', 1),
(1112, '16B', 1),
(1112, '16C', 1),
(1112, '16D', 1),
(1112, '16E', 1),
(1112, '16F', 1),
(1112, '17A', 1),
(1112, '17B', 1),
(1112, '17C', 1),
(1112, '17D', 1),
(1112, '17E', 1),
(1112, '17F', 1),
(1112, '18A', 1),
(1112, '18B', 1),
(1112, '18C', 1),
(1112, '18D', 1),
(1112, '18E', 1),
(1112, '18F', 1),
(1112, '19A', 1),
(1112, '19B', 1),
(1112, '19C', 1),
(1112, '19D', 1),
(1112, '19E', 1),
(1112, '19F', 1),
(1112, '20A', 1),
(1112, '20B', 1),
(1112, '20C', 1),
(1112, '20D', 1),
(1112, '20E', 1),
(1112, '20F', 1),
(1112, '21A', 1),
(1112, '21B', 1),
(1112, '21C', 1),
(1112, '21D', 1),
(1112, '21E', 1),
(1112, '21F', 1),
(1112, '22A', 1),
(1112, '22B', 1),
(1112, '22C', 1),
(1112, '22D', 1),
(1112, '22E', 1),
(1112, '22F', 1),
(1112, '23A', 1),
(1112, '23B', 1),
(1112, '23C', 1),
(1112, '23D', 1),
(1112, '23E', 1),
(1112, '23F', 1),
(1112, '24A', 1),
(1112, '24B', 1),
(1112, '24C', 1),
(1112, '24D', 1),
(1112, '24E', 1),
(1112, '24F', 1),
(1112, '25A', 1),
(1112, '25B', 1),
(1112, '25C', 1),
(1112, '25D', 1),
(1112, '25E', 1),
(1112, '25F', 1),
(1112, '26A', 1),
(1112, '26B', 1),
(1112, '26C', 1),
(1112, '26D', 1),
(1112, '26E', 1),
(1112, '26F', 1),
(1112, '27A', 1),
(1112, '27B', 1),
(1112, '27C', 1),
(1112, '27D', 1),
(1112, '27E', 1),
(1112, '27F', 1),
(1112, '28A', 1),
(1112, '28B', 1),
(1112, '28C', 1),
(1112, '28D', 1),
(1112, '28E', 1),
(1112, '28F', 1),
(1112, '29A', 1),
(1112, '29B', 1),
(1112, '29C', 1),
(1112, '29D', 1),
(1112, '29E', 1),
(1112, '29F', 1),
(1112, '30A', 1),
(1112, '30B', 1),
(1112, '30C', 1),
(1112, '30D', 1),
(1112, '30E', 1),
(1112, '30F', 1),

-- Dash-8 100
(1110, '1C', 1),
(1110, '1D', 1),
(1110, '2A', 1),
(1110, '2B', 1),
(1110, '2C', 1),
(1110, '2D', 1),
(1110, '3A', 1),
(1110, '3B', 1),
(1110, '3C', 1),
(1110, '3D', 1),
(1110, '4A', 1),
(1110, '4B', 1),
(1110, '4C', 1),
(1110, '4D', 1),
(1110, '5A', 1),
(1110, '5B', 1),
(1110, '5C', 1),
(1110, '5D', 1),
(1110, '6A', 1),
(1110, '6B', 1),
(1110, '6C', 1),
(1110, '6D', 1),
(1110, '7A', 1),
(1110, '7B', 1),
(1110, '7C', 1),
(1110, '7D', 1),
(1110, '8A', 1),
(1110, '8B', 1),
(1110, '8C', 1),
(1110, '8D', 1),
(1110, '9A', 1),
(1110, '9B', 1),
(1110, '9C', 1),
(1110, '9D', 1),
(1110, '10A', 1),
(1110, '10B', 1),
(1110, '10C', 1),
(1110, '10D', 1);

INSERT OR REPLACE INTO Sete (loepenummer, setenummer, erLedig) VALUES
(1110, '1C', 0),
(1110, '1D', 0),
(1110, '2A', 0),
(1110, '2B', 0),
(1110, '2C', 0),
(1110, '2D', 0),
(1110, '3A', 0),
(1110, '3B', 0),
(1110, '3C', 0),
(1110, '9D', 0); 
